country,lifexp_2011,fertilrate_2011,lifexp_2000,fertilrate_2000,lifexp_1990,fertilrate_1990
"Macao SAR, China",79.91,1.03,77.62,0.94,75.28,1.69
"Hong Kong SAR, China",83.42,1.2,80.88,1.04,77.38,1.27
Singapore,81.89,1.2,78.05,,76.03,1.87
Hungary,74.86,1.23,71.25,1.32,69.32,1.84
"Korea, Rep.",80.87,1.24,75.86,1.47,71.29,1.59
Romania,74.51,1.25,71.16,1.31,69.74,1.84
Bosnia and Herzegovina,75.96,1.26,74.67,1.38,67.45,1.71
Poland,76.75,1.3,73.75,1.35,70.89,2.04
Latvia,73.58,1.34,70.31,1.24,69.27,2.02
Portugal,80.72,1.35,76.31,1.55,73.97,1.43
Germany,80.74,1.36,77.93,1.38,75.18,1.45
Spain,82.33,1.36,78.97,1.23,76.84,1.33
Serbia,74.59,1.36,72.14,1.48,,
Malta,82,1.38,78.2,1.7,75.18,2.05
Japan,82.59,1.39,81.08,1.36,78.84,1.54
Italy,82.09,1.41,79.43,1.26,76.86,1.26
Austria,81.03,1.42,78.03,1.36,75.53,1.45
Czech Republic,77.87,1.43,74.97,1.14,71.38,1.89
Greece,80.74,1.43,77.89,1.26,76.94,1.4
Thailand,74.01,1.43,70.92,1.68,70.41,2.11
Channel Islands,79.98,1.44,77.52,1.4,75.42,1.46
"Macedonia, FYR",74.87,1.44,73.24,1.68,71.15,2.24
Mauritius,73.27,1.45,71.66,1.99,69.4,2.32
Slovak Republic,75.96,1.45,73.05,1.3,70.93,2.09
Cuba,78.89,1.46,76.67,1.63,74.64,1.75
Croatia,76.88,1.46,72.81,1.39,72.17,1.63
Ukraine,70.81,1.46,67.86,1.1,70.14,1.85
Cyprus,79.47,1.47,77.97,1.71,76.51,2.41
Moldova,68.58,1.47,66.9,1.57,67.47,2.41
Lebanon,79.56,1.5,74.39,2.23,70.22,3
Bulgaria,74.16,1.51,71.66,1.26,71.64,1.81
Belarus,70.65,1.51,68.91,1.31,70.84,1.91
Switzerland,82.7,1.52,79.68,1.5,77.24,1.59
Estonia,76.13,1.52,70.42,1.38,69.48,2.04
Luxembourg,80.99,1.52,77.87,1.76,75.01,1.62
Russian Federation,69,1.54,65.34,1.21,68.9,1.89
Euro area,81.3,1.56,78.32,1.48,75.99,1.5
Slovenia,79.97,1.56,75.41,1.26,73.2,1.46
European Union,80.18,1.57,77.1,1.46,74.84,1.64
Canada,81.07,1.63,79.24,1.49,77.38,1.83
Puerto Rico,78.36,1.65,76.69,2.05,74.17,2.22
China,75.04,1.66,72.14,1.51,69.47,2.51
High income: OECD,80.39,1.67,77.87,1.66,75.72,1.77
High income,78.88,1.68,76.14,1.65,74.61,1.85
Aruba,75.08,1.69,73.72,1.87,73.39,2.25
Montenegro,74.54,1.69,74.02,1.82,74.34,1.87
Europe & Central Asia (all income levels),76.2,1.7,73.01,1.56,72.05,1.95
High income: nonOECD,72.5,1.73,68.81,1.57,70.03,2.23
Armenia,74.33,1.74,71.28,1.69,67.75,2.54
Albania,77.16,1.75,74.27,2.38,71.96,2.97
Denmark,79.8,1.75,76.59,1.77,74.81,1.67
Bermuda,79.29,1.76,77.86,1.74,,
Lithuania,73.56,1.76,72.02,1.39,71.16,2.03
Netherlands,81.2,1.76,77.99,1.72,76.88,1.62
OECD members,79.67,1.76,77.05,1.8,74.68,1.96
Vietnam,75.46,1.79,73.63,1.98,70.51,3.56
Trinidad and Tobago,69.71,1.8,68.6,1.75,68.02,2.45
Virgin Islands (U.S.),79.31,1.8,77.58,2.06,74.79,2.95
Brazil,73.35,1.82,70.26,2.36,66.52,2.81
East Asia & Pacific (all income levels),74.54,1.82,71.81,1.79,69.25,2.61
Georgia,73.81,1.82,71.63,1.61,70,2.18
Costa Rica,79.49,1.83,77.73,2.41,75.73,3.18
Finland,80.47,1.83,77.47,1.73,74.81,1.78
United Arab Emirates,76.78,1.84,74.41,2.64,71.72,4.39
Belgium,80.49,1.84,77.72,1.67,76.05,1.62
Barbados,74.97,1.84,73.02,1.77,70.87,1.74
Chile,79.31,1.84,76.76,2.09,73.55,2.62
East Asia & Pacific (developing only),73.66,1.86,70.85,1.82,68.25,2.73
Australia,81.85,1.87,79.23,1.76,76.99,1.9
North America,78.88,1.87,76.89,2,75.43,2.06
Norway,81.3,1.88,78.63,1.85,76.54,1.93
Upper middle income,73.96,1.88,71.24,1.92,68.67,2.79
United States,78.64,1.89,76.64,2.06,75.21,2.08
"Bahamas, The",74.75,1.9,72.25,2.07,70.63,2.64
Sweden,81.8,1.9,79.64,1.54,77.54,2.13
"Iran, Islamic Rep.",73.45,1.91,69.61,2.19,63.45,4.82
Azerbaijan,70.55,1.92,66.76,2,64.75,2.74
Europe & Central Asia (developing only),72.02,1.95,69.02,1.88,67.84,2.59
St. Lucia,74.55,1.96,71.42,2.31,71.05,3.4
United Kingdom,80.75,1.98,77.74,1.64,75.88,1.83
Myanmar,64.76,1.98,62.02,2.43,58.7,3.42
Malaysia,74.67,1.99,72.85,2.83,70.76,3.52
"Korea, Dem. Rep.",69.19,2,64.98,1.99,69.34,2.29
Iceland,82.36,2.02,79.65,2.08,78.04,2.31
Brunei Darussalam,78.18,2.03,76.03,2.4,73.72,3.53
France,81.67,2.03,78.96,1.89,76.6,1.77
Ireland,80.5,2.05,76.54,1.89,74.74,2.12
St. Vincent and the Grenadines,72.3,2.05,70.58,2.38,70.08,2.96
Qatar,78.3,2.06,76.82,3.24,75.3,4.02
Uruguay,76.76,2.07,74.66,2.24,72.54,2.52
Turkey,74.54,2.08,70,2.45,64.28,3.08
French Polynesia,75.92,2.09,72.45,2.46,68.83,3.4
New Zealand,80.9,2.1,78.64,2,75.38,2.18
Antigua and Barbuda,75.5,2.12,73.4,2.32,71.16,2.06
Bahrain,76.4,2.12,74.59,2.77,72.51,3.74
Tunisia,74.75,2.13,72.6,2.08,70.31,3.54
New Caledonia,76.04,2.17,74.92,2.63,70.49,3.19
Argentina,75.84,2.2,73.75,2.48,71.54,2.99
Kosovo,70.15,2.2,67.95,2.95,67.76,3.9
Latin America & Caribbean (all income levels),74.4,2.2,71.63,2.65,68.31,3.21
Caribbean small states,71.62,2.21,69.34,2.39,68.82,2.75
Grenada,72.48,2.22,70.25,2.58,68.48,3.84
Latin America & Caribbean (developing only),74.22,2.22,71.42,2.67,68.06,3.25
Bangladesh,69.89,2.24,65.32,3.12,60.01,4.55
El Salvador,71.87,2.24,69.56,2.93,65.88,3.95
Mexico,76.91,2.25,74.27,2.66,70.8,3.38
Jamaica,73.08,2.31,70.47,2.6,70.65,2.95
Maldives,77.19,2.31,69.46,3.27,60.6,6.1
Bhutan,67.46,2.32,60.29,3.61,52.46,5.64
Suriname,70.58,2.32,67.93,2.74,67.5,2.73
Colombia,73.57,2.35,70.99,2.64,68.3,3.1
Sri Lanka,73.9,2.35,71.16,2.24,69.68,2.48
Cape Verde,74.21,2.38,69.59,3.7,65.89,5.31
Turkmenistan,65.16,2.38,63.9,2.84,62.67,4.35
Indonesia,70.39,2.4,67.25,2.48,63.45,3.12
Middle income,69.92,2.4,67.12,2.6,64.61,3.41
"Venezuela, RB",74.33,2.44,72.44,2.82,71.11,3.45
South Africa,55.3,2.44,55.84,2.87,62.12,3.66
Guam,78.36,2.45,75.1,2.82,72.04,3.01
Mongolia,67.12,2.45,62.92,2.14,60.27,4.05
Libya,74.99,2.47,71.97,3.05,68.56,4.97
Peru,74.21,2.48,70.51,2.93,65.53,3.83
World,70.54,2.48,67.69,2.64,65.7,3.27
Nepal,67.55,2.5,62.04,4.07,55.04,5.17
Uzbekistan,67.98,2.5,66.94,2.58,66.68,4.07
Panama,77.16,2.52,75.12,2.82,73.06,3.08
India,65.96,2.53,62.16,3.15,58.53,3.88
Dominican Republic,73.01,2.55,70.63,2.89,67.95,3.47
Kazakhstan,68.89,2.59,65.52,1.8,68.34,2.72
Nicaragua,74.13,2.59,69.65,3.25,64.14,4.75
Ecuador,75.92,2.62,73.36,3.07,68.84,3.77
South Asia,66.39,2.63,62.66,3.33,58.94,4.17
Fiji,69.56,2.64,67.61,3.09,65.57,3.4
Guyana,65.88,2.64,63.48,2.59,62.12,2.47
Low & middle income,68.64,2.64,65.6,2.88,63.24,3.67
Kuwait,74.26,2.65,73.36,2.87,72.26,2.36
Morocco,70.41,2.65,68.14,2.7,64.68,4.06
Botswana,46.67,2.71,50.49,3.41,62.94,4.7
Belize,73.49,2.76,70.54,3.59,71.18,4.51
Middle East & North Africa (all income levels),71.98,2.76,69.67,3.21,65.86,4.84
Saudi Arabia,75.29,2.76,72.61,3.99,69.15,5.84
Middle East & North Africa (developing only),71.22,2.78,69.1,3.17,65.24,4.85
Algeria,70.75,2.83,68.93,2.51,66.75,4.76
"Egypt, Arab Rep.",70.68,2.85,68.59,3.31,64.55,4.35
Oman,76.32,2.9,72.36,3.72,67.27,7.16
Lower middle income,66.03,2.92,62.82,3.38,60.12,4.16
Cambodia,71.05,2.93,61.89,3.75,54.75,5.62
Paraguay,72.11,2.93,70.08,3.68,68.01,4.54
Israel,81.76,3,78.95,2.95,76.61,2.82
Kiribati,68.21,3.01,64.61,3.88,60.64,4.63
Syrian Arab Republic,74.77,3.04,73.33,3.96,70.26,5.31
Kyrgyz Republic,69.6,3.06,68.56,2.4,68.3,3.69
Honduras,73.17,3.1,70.48,4,66.69,5.14
Philippines,68.39,3.11,66.8,3.81,65.22,4.32
Lesotho,48.22,3.15,47.18,4.09,59.33,4.92
Namibia,63.28,3.17,55.12,4.03,61.22,5.23
Lao PDR,67.35,3.2,61.64,4.19,54.12,6.15
Small states,62.92,3.24,60.53,3.7,62.15,4.28
Arab World,69.76,3.27,67.67,3.82,64.63,5.1
Haiti,62.31,3.28,57.42,4.3,54.43,5.43
Bolivia,66.63,3.31,62.95,4.14,58.78,4.91
Pakistan,66.28,3.35,63.89,4.47,61.19,6.02
Pacific island small states,69.48,3.35,66.74,3.84,63.69,4.36
Jordan,73.59,3.39,71.78,4.05,69.92,5.54
"Micronesia, Fed. Sts.",68.74,3.4,67.28,4.3,66.2,4.96
Vanuatu,71.13,3.46,67.56,4.37,63.2,4.93
Swaziland,48.66,3.48,48.66,4.21,59.35,5.74
Djibouti,60.8,3.53,57.01,4.47,56.66,6.09
Other small states,59.18,3.6,56.33,4.24,59,5.01
Zimbabwe,55.95,3.64,43.92,4.07,59.13,5.18
Tajikistan,67.14,3.81,63.77,3.95,62.86,5.18
Tonga,72.34,3.86,70.76,4.25,69.58,4.64
Papua New Guinea,62.16,3.9,58.8,4.51,55.71,4.8
Guatemala,71.33,3.91,67.74,4.8,62.24,5.58
Ghana,60.79,3.99,56.99,4.67,56.75,5.62
West Bank and Gaza,72.83,4.14,70.91,5.4,68.05,6.53
Iraq,69.02,4.15,70.83,4.97,68.4,5.88
Low income,61.14,4.15,55.68,4.89,53.42,5.65
Solomon Islands,67.29,4.17,62.84,4.72,56.7,5.85
Gabon,62.69,4.18,59.69,4.6,61.29,5.42
Sao Tome and Principe,66,4.22,63.29,4.69,61.77,5.4
Samoa,72.7,4.28,69.49,4.5,65.04,5.12
Least developed countries: UN classification,60.72,4.31,55.43,5.16,52.07,5.97
"Yemen, Rep.",62.72,4.35,60.46,6.36,57.76,8.67
Central African Republic,48.79,4.54,43.69,5.45,46.05,5.78
Kenya,60.37,4.54,52.84,5.01,59.12,6.04
Sudan,61.68,4.56,57.98,5.44,55.51,6.15
Madagascar,63.8,4.59,58.47,5.55,51.01,6.26
Rwanda,62.92,4.73,47.64,5.9,32.61,7.27
Togo,55.81,4.75,53.55,5.29,55.85,6.33
Ethiopia,62.25,4.77,52.24,6.53,46.94,7.25
Mauritania,61.19,4.78,59.67,5.38,58.39,5.98
Comoros,60.43,4.85,57.88,5.32,55.6,5.57
Sierra Leone,45.1,4.86,38.11,5.92,37.36,6.53
Eritrea,61.71,4.88,56.03,5.94,48.24,6.49
Cote d'Ivoire,50.05,4.91,46.45,5.38,52.61,6.36
Cameroon,54.14,4.94,51.94,5.62,53.59,6.43
Liberia,59.86,4.95,52.41,5.88,47.2,6.5
Benin,58.94,5.01,55.19,5.98,53.42,6.74
Senegal,63.04,5.02,57.77,5.56,57.18,6.63
Equatorial Guinea,52.08,5.04,47.76,5.77,46.56,5.9
"Congo, Rep.",57.78,5.05,52.3,5.13,55.18,5.35
Guinea-Bissau,53.8,5.05,51.45,5.85,49.07,6.65
Guinea,55.59,5.09,51.25,5.94,49.92,6.58
South Sudan,54.05,5.1,49.23,6.13,43.52,6.77
Sub-Saharan Africa (developing only),55.93,5.18,50.22,5.77,49.95,6.36
Sub-Saharan Africa (all income levels),55.92,5.18,50.22,5.77,49.95,6.36
Heavily indebted poor countries (HIPC),57.78,5.19,51.74,6.08,49.63,6.64
Mozambique,49.49,5.34,47.43,5.78,43.58,6.24
Tanzania,60.07,5.36,49.97,5.69,50.46,6.21
Afghanistan,60.07,5.4,54.85,7.73,48.57,7.69
Timor-Leste,66.49,5.45,59.48,7.11,48.48,5.34
Malawi,54.14,5.55,46.03,6.25,47.12,7
Zambia,55.83,5.77,41.78,6.07,43.82,6.47
Burkina Faso,55.44,5.78,50.48,6.59,49.37,7.01
"Gambia, The",58.37,5.79,55.17,5.92,52.22,6.11
Nigeria,51.71,6.02,46.62,6.1,46.11,6.49
Uganda,58.02,6.06,48.11,6.87,47.5,7.09
Angola,51.06,6.1,45.2,6.84,41.14,7.17
"Congo, Dem. Rep.",49.3,6.15,46.36,7.09,47.44,7.13
Burundi,53.14,6.21,48.21,7.06,47.33,7.54
Chad,50.24,6.49,46.69,7.35,46.35,7.31
Somalia,54.36,6.77,50.88,7.61,45.39,7.4
Mali,54.19,6.85,49.06,6.84,46.46,7.06
Niger,57.48,7.58,50.71,7.73,43.95,7.76